ANCG,SAR,JUR,CAB,MUN,VIN,OTR,sample,seascape
0,0,0,0,0,608.075152,0,78,7
0,0,0,0,0,0,0,79,7
0,0,0,0,0,0,0,80,7
0,0,0,0,0,1332.154192,0,81,7
0,0,0,0,0,0,0,82,7
0,0,0,0,0,0,0,83,7
0,0,0,0,0,0,0,84,7
0,0,0,0,0,0,0,85,7
0,0,0,0,0,0,0,86,7
0,0,0,0,0,5262.393659,0,87,7
0,0,0,0,0,5891.892883,0,88,7
0,0,0,0,0,0,0,89,7
0,0,0,0,0,1864.880237,0,90,7
0,0,0,0,0,3559.152597,0,91,7
0,0,0,0,0,1035.819484,0,92,7
0,0,0,0,0,129.617734,0,93,7
0,0,0,0,78.703396,0,0,94,7
0,0,0,0,49.958961,0,0,95,7
0,0,0,0,3.771341,0,0,96,7
0,0,0,0,84.459189,0,0,97,7
0,0,0,0,0.20254,0,0,98,7
0,0,0,0,10.528326,0,0,99,7
0,0,0,0,41.206994,0,0,100,7
0,0,0,0,20.215062,0,0,101,7
0,0,0,0,18.058355,0,0,102,7
0,0,0,0,0.326015,0,0,103,21
0,0,0,0,2.426512,0,0,104,21
0,0,0,0,36.205438,0,0,105,21
0,0,0,0,380.485509,0,0,106,21
0,0,0,0,458.5018,0,0,107,21
0,0,0,0,324.952654,0,0,108,21
76.104319,0,0,0,509.474244,0,0,109,21
45.41384,0,0,0,272.638894,0,0,110,21
53.228705,0,0,0,154.591071,0,0,111,21
111.779926,0,0,0,73.928113,0,0,112,21
0,0,0,0,83.391645,0,0,113,21
4.664786,0,0,0,0,0,0,114,21
0,0,0,0,0,0,0,115,21
0,0,0,0,0,0,0,116,21
0,0,0,0,0,0,0,117,21
0,0,0,0,0,0,0,118,21
0,0,0,0,0,0,0,119,21
0,0,0,0,0,0,0,120,21
0,0,0,0,0,0,0,121,14
0,0,0,0,0,0,0,122,14
0,0,0,0,0,0,0,123,14
0,0,0,0,0,0,0,124,14
0,0,0,0,0,0,0,125,14
0,0,0,0,0,0,0,126,14
0,0,0,0,0,0,0,127,14
0,0,0,0,0,0,0,128,14
0,0,0,0,0,0,0,129,14
0,0,0,0,0,0,0,130,14
0,0,0,0,0,0,0,131,14
0,0,0,0,0,0,0,132,14
0,0,0,0,0,0,0,133,14
0,0,0,0,0,0,0,134,14
0,0,0,0,0,90.321139,0,135,7
0,0,0,0,0,1917.745197,0,136,7
0,0,0,0,0,0,0,137,7
0,0,0,0,0,0,0,138,7
0,0,0,0,0,0,0,139,7
0,0,0,0,0,0,0,140,7
0,0,0,0,0,0,0,141,7
0,0,0,0,0,0,0,142,7
0,0,0,0,0,0,0,143,7
0,0,0,0,0,0,0,144,7
0,0,0,0,0,0,0,145,7
0,0,0,0,0,0,0,146,7
0,0,0,0,0,0,0,147,7
0,0,0,0,0,0,0,148,7
0,0,0,0,0,0,0,149,7
0,0,0,0,0,0,0,150,7
0,0,0,0,0,0,0,151,7
0,0,0,0,0,0,0,281,7
0,0,0,0,0,0,0,282,7
0,0,0,0,0,0,0,283,7
0,0,0,0,0,0,0,284,7
0,0,0,0,0,0,0,285,7
0,0,0,0,0,0,0,286,7
0,0,0,0,0,0,0,287,7
0,0,0,0,0,0,0,288,7
0,0,0,0,0,0,0,289,7
0,0,0,0,0,0,0,290,7
0,0,0,0,0,2381.50008,0,291,7
0,0,0,0,0,0,0,292,7
0,0,0,0,0,0,0,293,7
0,0,0,0,0,0,0,294,7
0,0,0,0,0,0,0,295,7
0,0,0,0,0,890.088883,0,296,7
0,0,0,0,0,104.611222,0,297,7
0,0,0,0,0,0,0,298,7
0,0,0,0,0,733.328433,0,299,7
0,0,0,0,0,1091.836925,0,300,7
0,0,0,0,0,0,0,301,7
0,0,0,0,0,0,0,302,7
0,0,0,0,0,151.786314,0,303,7
0,0,0,0,0,0,0,304,7
0,0,0,0,0,0,0,305,7
0,0,0,0,0,1729.98182,0,306,7
0,0,0,0,0,0,0,307,7
0,0,0,0,0,0,0,308,7
0,0,0,0,0,0,0,309,7
0,0,0,0,0,0,0,310,7
0,0,0,0,0,0,0,311,7
0,0,0,0,0,503.758988,0,312,7
0,0,0,0,0,4151.856849,0,313,7
0,0,0,0,0,0,0,314,7
0,0,0,0,0,2857.586596,0,315,7
0,0,0,0,0,2457.466276,0,316,7
0,0,0,0,0,3408.292324,0,317,7
0,0,0,0,0,0,0,318,14
0,0,0,0,0,857.24295,0,319,14
0,0,0,0,0,966.893338,0,320,14
0,0,0,0,0,331.947447,0,321,14
0,0,0,0,0,516.831495,0,322,14
0,0,0,0,0,0,0,323,14
0,0,0,0,0,0,0,324,21
0,0,0,0,0,0,0,325,21
0,0,0,0,0,0,0,326,21
0,0,0,0,0,0,0,327,21
0,0,0,0,0,0,0,328,21
0,0,0,0,0,0,0,329,21
0,0,0,0,3.0293,0,0,330,21
534.156694,0,0,0,46.429011,0,0,331,21
1959.058667,0,0,0,528.110782,0,0,332,21
7524.83439,0,0,0,777.075634,0,0,333,21
6817.163871,0,0,0,592.036738,0,0,334,21
61.672278,0,0,0,182.820462,0,0,335,21
328.316118,0,0,0,34.47076,0,0,336,21
0,0,0,0,5297.70837,0,0,337,21
0,0,0,0,7158.093753,0,0,338,21
0,0,0,0,19984.43461,0,0,339,21
0,0,0,0,8575.003684,0,0,340,21
0,0,0,0,6241.494357,0,0,341,21
0,0,0,0,4343.260227,0,0,342,21
3.469093,0,0,0,7114.437828,0,0,343,21
0,0,0,0,5674.014273,0,0,344,21
0,0,0,0,6931.983383,0,0,345,21
0,0,0,0,8473.356404,0,0,346,21
0,0,0,0,6497.043429,0,0,347,21
62.307544,0,0,0,9306.677605,0,0,348,21
325.172007,0,0,0,1961.13121,0,0,349,21
253.444541,0,0,0,159.366166,0,0,350,21
2170.878109,0,0,0,239.448739,0,0,351,21
5723.400813,0,0,0,293.160607,0,0,352,21
2671.957744,0,0,0,338.8106,0,0,353,21
24.710686,0,0,0,154.560935,0,0,354,21
0,0,0,0,14.463873,0,0,355,21
0,0,0,0,0,0,0,356,21
0,0,0,0,0,0,0,357,21
0,0,0,0,0,0,0,358,21
0,0,0,0,0,0,0,359,21
0,0,0,0,0,0,0,360,21
0,0,0,0,0,0,0,361,21
0,0,0,0,0,0,0,362,21
0,0,0,0,0,844.359895,0,363,21
0,0,0,0,0,6751.768895,0,364,21
0,0,0,0,0,0,0,365,21
0,0,0,0,0,0,0,366,21
0,0,0,0,0,0,0,367,21
0,0,0,0,0,0,0,368,21
0,0,0,0,0,0,0,369,21
0,0,0,0,0,0,0,370,21
0,0,0,0,0,0,0,371,21
0,0,0,0,0,0,0,372,21
0,0,0,0,0,0,0,373,7
0,0,0,0,0,0,0,374,7
0,0,0,0,0,0,0,375,21
0,0,0,0,0,0,0,376,7
0,0,0,0,0,0,0,385,7
0,0,0,0,0,0,0,386,7
0,0,0,0,0,0,0,387,7
0,0,0,0,0,0,0,388,7
0,0,0,0,0,0,0,389,7
0,0,0,0,0,0,0,390,7
0,0,0,0,0,0,0,391,7
0,0,0,0,0,0,0,392,7
0,0,0,0,0,5305.200306,0,393,7
0,0,0,0,0,1433.315122,0,394,7
0,0,0,0,0,0,0,395,7
0,0,0,0,0,0,0,396,7
0,0,0,0,0,0,0,397,7
0,0,0,0,0,0,0,537,7
0,0,0,0,0,0,0,538,7
0,0,0,0,0,110.524307,0,539,7
0,0,0,0,0,0.726198,0,540,7
0,0,0,0,0,46.467542,0,541,7
0,0,0,0,0,0,0,542,7
0,0,0,0,0,0,0,543,7
0,0,0,0,0,0,0,544,7
0,0,0,0,0,0,0,545,21
0,0,0,0,0,12.972161,0,546,21
0,0,0,0,0,0,0,547,21
0,0,0,0,0,90.402279,0,548,21
0,0,0,0,0,2.911359,0,549,21
0,0,0,0,0,0,0,550,21
0,0,0,0,0,0,0,551,21
0,0,0,0,0,0,0,552,21
0,0,0,0,0,0,0,553,21
0,0,0,0,0,0,0,554,21
0,0,0,0,0.649877,0,0,555,21
0,0,0,0,1.652445,0,0,556,21
3.738,0,0,0,36.326736,0,0,557,21
2.633414,0,0,0,61.470951,0,0,558,21
33.568039,0,0,0,105.698418,0,0,559,21
37.849814,0,0,0,165.658888,0,0,560,21
136.621021,0,0,0,96.291333,0,0,561,21
31.559364,0,0,0,90.567159,0,0,562,21
566.84655,0,0,0,70.37984,0,0,563,21
0,0,0,0,0,0,0,564,21
0,0,0,0,109.640621,0,0,565,21
0,0,0,0,6.689996,0,0,566,21
0,0,0,0,0,0,0,567,21
0,0,0,0,0,0,0,568,21
0,0,0,0,0,0,0,569,21
0,0,0,0,0,0,0,570,21
0,0,0,0,0,0,0,571,21
0,0,0,0,0,0,0,572,21
0,0,0,0,0,0,0,573,21
0,0,0,0,0,0,0,574,21
0,0,0,0,0,0,0,575,21
0,0,0,0,0,0,0,576,21
0,0,0,0,0,0,0,577,21
0,0,0,0,0,0,0,578,21
0,0,0,0,0,0,0,579,21
0,0,0,0,0,0,0,580,21
0,0,0,0,0,0,0,581,21
0,0,0,0,0,0,0,582,21
0,0,0,0,0,0,0,583,7
0,0,0,0,0,0,0,584,7
0,0,0,0,0,0,0,585,7
0,0,0,0,0,0,0,586,7
0,0,0,0,0,0,0,587,7
0,0,0,0,0,0,0,588,7
0,0,0,0,0,0,0,589,7
0,0,0,0,0,0,0,590,7
0,0,0,0,0,0,0,591,7
0,0,0,0,0,0,0,592,7
0,0,0,0,0,0,0,593,7
0,0,0,0,0,0,0,594,7
0,0,0,0,0,0,0,595,7
0,0,0,0,0,0,0,596,7
0,0,0,0,0,0,0,597,7
0,0,0,0,0,0,0,598,7
0,0,0,0,0,0,0,599,7
0,0,0,0,0,114.271885,0,737,7
0,0,0,0,0,148.739641,0,738,7
0,0,0,0,0,257.359602,0,739,7
0,0,0,0,0,107.798995,0,740,7
0,0,0,0,0,72.39213,0,741,7
0,0,0,0,0,289.6197,0,742,7
0,0,0,0,0,127.743384,0,743,7
0,0,0,0,0,0,0,744,7
0,0,0,0,0,0,0,745,7
0,0,0,0,0,0,0,746,7
0,0,0,0,0,0,0,747,7
0,0,0,0,0,0,0,748,7
0,0,0,0,0,0,0,749,7
0,0,0,0,0,0,0,750,7
0,0,0,0,0,0,0,751,7
0,0,0,0,0,0,0,752,7
0,0,0,0,0,0,0,753,7
0,0,0,0,0,0,0,754,21
0,0,0,0,0,0,0,755,21
0,0,0,0,0,0,0,756,21
0,0,0,0,0,0,0,757,21
0,0,0,0,0,0,0,758,21
0,0,0,0,0,0,0,759,21
0,0,0,0,0,0,0,760,21
0,0,0,0,0,0,0,761,21
0,0,0,0,0,0,0,762,21
0,0,0,0,0,0,0,763,21
0,0,0,0,0,0,0,764,21
0,0,0,0,0,0,0,765,21
0,0,0,0,0,0,0,766,21
0,0,0,0,0,0,0,767,21
0,0,0,0,0,0,0,768,21
0,0,0,0,0,0,0,769,21
0,0,0,0,0,0,0,770,21
0,0,0,0,0,0,0,771,21
0,0,0,0,0,0,0,772,21
0,0,0,0,2.877764,0,0,773,21
0,0,0,0,34.339136,0,0,774,21
0,0,0,0,17.024768,0,0,775,21
150.920741,0,0,0,3.584489,0,0,776,21
291.034919,0,0,0,47.286065,0,0,777,21
0,0,0,0,239.658258,0,0,778,21
0,0,0,0,253.722829,0,0,779,21
0,0,0,0,320.080945,0,0,780,21
0,0,0,0,395.117778,0,0,781,21
0,0,0,0,219.551886,0,0,782,21
0,0,0,0,104.524463,0,0,783,21
0,0,0,0,39.040105,0,0,784,21
0,0,0,0,38.10079,0,0,785,21
0,0,0,0,49.788803,0,0,786,21
0,0,0,0,66.771789,0,0,787,21
1.795279,0,0,0,103.276929,0,0,788,21
0,0,0,0,277.831426,0,0,789,21
59.073369,0,0,0,498.497369,0,0,790,21
25.893681,0,0,0,949.656714,0,0,791,21
210.999822,0,0,0,3031.987153,0,0,792,21
315.275856,0,0,0,2812.246538,0,0,793,21
4550.628058,0,0,0,2496.586449,0,0,794,21
9508.418285,0,0,0,848.479392,0,0,795,21
1186.808214,0,0,0,929.12319,0,0,796,21
56.823918,0,0,0,882.777536,0,0,797,21
0,0,0,0,736.152459,0,0,798,21
0,0,0,0,647.1129,0,0,799,21
0,0,0,0,3283.274155,0,0,800,21
0,0,0,0,2583.976176,0,0,801,14
0,0,0,0,5678.882273,0,0,802,14
0,0,0,0,7765.94517,0,0,803,14
0,0,0,0,7198.252298,0,0,804,14
0,0,0,0,1794.93625,0,0,805,14
0,0,0,0,1723.49685,0,0,806,14
0,0,0,0,1137.949283,0,0,807,14
0,0,0,0,1506.252416,0,0,808,14
0,0,0,0,3672.060421,0,0,809,14
0,0,0,0,4993.271455,0,0,810,14
0,0,0,0,4280.724032,0,0,811,14
0,0,0,0,967.324102,0,0,812,14
0,0,0,0,1104.643208,0,0,813,14
0,0,0,0,1113.768798,0,0,814,14
0,0,0,0,224.700628,0,0,815,14
0,0,0,0,175.57772,0,0,816,14
0,0,0,0,14.293622,0,0,817,14
0,0,0,0,0,0,0,818,14
0,0,0,0,0,0,0,819,14
0,0,0,0,0,0,0,820,14
0,0,0,0,0,0,0,821,14
0,0,0,0,0,0,0,822,14
0,0,0,0,0,0,0,823,7
0,0,0,0,0,0,0,824,7
0,0,0,0,0,0,0,825,7
0,0,0,0,0,0,0,826,7
0,0,0,0,0,578.391633,0,827,7
0,0,0,0,0,1499.862958,0,828,7
0,0,0,0,0,1565.958164,0,829,7
0,0,0,0,0,0,0,830,7
0,0,0,0,0,0,0,831,7
0,0,0,0,0,19.619495,0,832,7
0,0,0,0,0,1696.258551,0,833,7
0,0,0,0,0,3546.817414,0,834,7
0,0,0,0,0,0,0,835,7
0,0,0,0,0,0,0,836,7
0,0,0,0,0,0,0,837,7
0,0,0,0,0,0,0,838,7
0,0,0,0,0,0,0,930,7
0,0,0,0,0,0,0,931,7
0,0,0,0,0,597.026893,0,932,7
0,0,0,0,0,0,0,933,7
0,0,0,0,0,0,0,934,7
0,0,0,0,0,0,0,935,7
0,0,0,0,0,0,0,936,7
0,0,0,0,0,0,0,937,7
0,0,0,0,0,0,0,938,7
0,0,0,0,0,0,0,939,7
0,0,0,0,0,0,0,940,7
0,0,0,0,0,0,0,941,7
0,0,0,0,0,0,0,942,7
0,0,0,0,0,0,0,943,7
0,0,0,0,0,0,0,944,7
0,0,0,0,0,0,0,945,7
0,0,0,0,0,0,0,946,7
0,0,0,0,0,0,0,947,7
0,0,0,0,0,0,0,948,7
0,0,0,0,0,0,0,949,7
0,0,0,0,0,1212.488117,0,950,7
0,0,0,0,0,0,0,951,7
0,0,0,0,0,0,0,952,7
0,0,0,0,0,0,0,953,7
0,0,0,0,0,0,0,954,7
0,0,0,0,0,0,0,955,21
0,0,0,0,0,0,0,956,21
0,0,0,0,45.121678,0,0,957,21
0,0,0,0,112.456061,0,0,958,21
0,0,0,0,100.337713,0,0,959,21
0,0,0,0,98.311126,0,0,960,21
0,0,0,0,171.646115,0,0,961,21
0,0,0,0,241.492502,0,0,962,21
0,0,0,0,232.035826,0,0,963,21
0,0,0,0,153.072067,0,0,964,21
0,0,0,0,312.109002,0,0,965,21
0,0,0,0,407.78663,0,0,966,21
0,0,0,0,324.406435,0,0,967,21
0,0,0,0,700.410626,0,0,968,21
0,0,0,0,627.782869,0,0,969,21
0,0,0,0,992.844447,0,0,970,21
0,0,0,0,420.720313,0,0,971,21
0,0,0,0,55.598937,0,0,972,21
0,0,0,0,300.908698,0,0,973,21
0,0,0,0,277.90427,0,0,974,21
0,0,0,0,192.528462,0,0,975,21
0,0,0,0,366.218706,0,0,976,21
0,0,0,0,144.249896,0,0,977,21
0,0,0,0,483.569666,0,0,978,21
0,0,0,0,38.641641,0,0,979,21
0,0,0,0,257.784894,0,0,980,21
0,0,0,0,40.222042,0,0,981,21
15692.86259,0,0,0,129.983919,0,0,982,21
8702.520252,0,0,0,272.438965,0,0,983,21
1545.924442,0,0,0,139.188444,0,0,984,21
73.50738,0,0,0,1.931816,0,0,985,21
0,0,0,0,3.25955,0,0,986,21
0,0,0,0,0,0,0,987,21
0,0,0,0,23.049881,0,0,988,21
0,0,0,0,34.398206,0,0,989,21
962.478364,0,0,0,95.321016,0,0,990,21
2213.433772,0,0,0,439.250403,0,0,991,21
970.132864,0,0,0,217.089394,0,0,992,21
235.042144,0,0,0,88.507079,0,0,993,21
388.964928,0,0,0,42.712728,0,0,994,21
207.795222,0,0,0,32.198094,0,0,995,21
18.883103,0,0,0,0,0,0,996,21
17.955157,0,0,0,0,0,0,997,21
363.727211,0,0,0,0,0,0,998,21
3968.660533,0,0,0,0,0,0,999,21
912.684581,0,0,0,0,0,0,1000,21
1726.073422,0,0,0,0,0,0,1001,21
921.148122,0,0,0,0,0,0,1002,21
781.786264,0,0,0,0,0,0,1003,21
66.541112,0,0,0,0,0,0,1031,21
1227.256174,0,0,0,2.825962,0,0,1032,21
1972.865943,0,0,0,43.336512,0,0,1033,21
613.004273,0,0,0,84.253423,0,0,1034,21
86.898355,0,0,0,702.770659,0,0,1035,21
40.787036,0,0,0,34.453442,0,0,1036,21
37.690073,0,0,0,59.78931,0,0,1037,21
4.620684,0,0,0,106.697968,0,0,1038,21
3.47479,0,0,0,33.864817,0,0,1039,21
0,0,0,0,25.93107,0,0,1040,21
0,0,0,0,64.947392,0,0,1041,21
0,0,0,0,157.440587,0,0,1042,21
0,0,0,0,215.482362,0,0,1043,21
0,0,0,0,0,0,0,1044,21
0,0,0,0,0,0,0,1045,21
0,0,0,0,0,0,0,1046,21
0,0,0,0,0,0,0,1047,21
0,0,0,0,0,75.069781,0,1048,21
0,0,0,0,0,789.616892,0,1049,21
0,0,0,0,0,137.309291,0,1050,21
0,0,0,0,0,0,0,1051,21
0,0,0,0,0,0,0,1052,21
0,0,0,0,0,0,0,1053,21
0,0,0,0,0,0,0,1054,21
0,0,0,0,0,0,0,1055,21
0,0,0,0,0,0,0,1056,21
0,0,0,0,0,0,0,1057,21
0,0,0,0,0,0,0,1058,21
0,0,0,0,0,0,0,1059,21
0,0,0,0,0,0,0,1060,21
0,0,0,0,0,0,0,1061,21
0,0,0,0,0,0,0,1062,21
0,0,0,0,0,0,0,1063,21
0,0,0,0,0,0,0,1064,7
0,0,0,0,0,0,0,1065,7
0,0,0,0,0,0,0,1066,7
0,0,0,0,0,0,0,1067,7
0,0,0,0,0,0,0,1068,7
0,0,0,0,0,43.653844,0,1069,7
0,0,0,0,0,819.380098,0,1070,7
0,0,0,0,0,52.273791,0,1071,7
0,0,0,0,0,0,0,1072,7
0,0,0,0,0,2380.371696,0,1073,7
0,0,0,0,0,176.810014,0,1074,7
0,0,0,0,0,149.498057,0,1075,7
0,0,0,0,0,4796.492092,0,1076,7
0,0,0,0,0,3826.528204,0,1077,7
0,0,0,0,0,2768.381945,0,1078,7
0,0,0,0,0,183.281292,0,1079,7
0,0,0,0,0,0,0,1080,7
0,0,0,0,0,0,0,1081,7
0,0,0,0,0,0,0,1082,7
0,0,0,0,0,2765.588177,0,1083,7
0,0,0,0,0,0,0,1084,7
0,0,0,0,0,0,0,1085,7
0,0,0,0,0,0,0,1143,7
0,0,0,0,0,0,0,1144,7
0,0,0,0,0,0,0,1145,7
0,0,0,0,0,0,0,1146,7
0,0,0,0,0,0,0,1147,7
0,0,0,0,0,0,0,1148,7
0,0,0,0,0,0,0,1149,7
0,0,0,0,0,0,0,1150,7
0,0,0,0,0,0,0,1151,7
0,0,0,0,0,0,0,1152,7
0,0,0,0,0,0,0,1153,7
0,0,0,0,0,0,0,1154,7
0,0,0,0,0,0,0,1155,7
0,0,0,0,0,0,0,1156,7
0,0,0,0,0,0,0,1157,7
0,0,0,0,0,0,0,1158,7
0,0,0,0,0,106.532698,0,1159,7
0,0,0,0,0,0,0,1160,7
0,0,0,0,0,63.197152,0,1161,7
0,0,0,0,0,0,0,1162,7
0,0,0,0,0,0,0,1163,7
0,0,0,0,0,0,0,1164,7
0,0,0,0,0,0,0,1165,7
0,0,0,0,0,0,0,1166,7
0,0,0,0,0,1412.289588,0,1167,7
0,0,0,0,0,1908.776647,0,1168,21
0,0,0,0,0,272.308854,0,1169,21
0,0,0,0,0,0,0,1170,21
0,0,0,0,0,0,0,1171,21
0,0,0,0,0,0,0,1172,21
0,0,0,0,0,0,0,1173,21
0,0,0,0,0,0,0,1174,21
0,0,0,0,0,0,0,1175,21
0,0,0,0,0,0,0,1176,21
0,0,0,0,0,0,0,1177,21
0,0,0,0,0,0,0,1178,21
0,0,0,0,0,0,0,1179,21
0,0,0,0,0,0,0,1180,21
0,0,0,0,0,0,0,1181,21
0,0,0,0,0,0,0,1182,21
0,0,0,0,0,0,0,1183,21
0,0,0,0,0,0,0,1184,21
0,0,0,0,0,0,0,1185,21
0,0,0,0,0,0,0,1186,21
0,0,0,0,10.747753,0,0,1187,21
0,0,0,0,88.293429,0,0,1188,21
0,0,0,0,88.63691,0,0,1189,21
0,0,0,0,17.983909,0,0,1190,21
0,0,0,0,12.836324,0,0,1191,21
0,0,0,0,84.865485,0,0,1192,21
0,0,0,0,128.959443,0,0,1193,21
0,0,0,0,119.876748,0,0,1194,21
0,0,0,0,45.0957,0,0,1195,21
0,0,0,0,30.098837,0,0,1196,21
0,0,0,0,28.403022,0,0,1197,21
0,0,0,0,6.656968,0,0,1198,21
0,0,0,0,0.905046,0,0,1199,21
0,0,0,0,4.699337,0,0,1200,7
0,0,0,0,3.141914,0,0,1201,21
0,0,0,0,0,0,0,1247,21
0,0,0,0,0,0,0,1248,21
0,0,0,0,0,0,0,1249,21
0,0,0,0,0,871.042552,0,1250,21
0,0,0,0,0,3001.279623,0,1251,21
0,0,0,0,0,3893.308876,0,1252,21
0,0,0,0,0,0,0,1253,21
0,0,0,0,0,0,0,1254,21
0,0,0,0,0,0,0,1255,21
0,0,0,0,0,0,0,1256,21
0,0,0,0,0,0,0,1257,21
0,0,0,0,0,0,0,1258,21
0,0,0,0,0,0,0,1259,21
0,0,0,0,0,0,0,1260,21
0,0,0,0,0,0,0,1261,21
0,0,0,0,0,0,0,1262,21
0,0,0,0,0,0,0,1263,21
0,0,0,0,0,0,0,1264,21
0,0,0,0,0,0,0,1265,21
0,0,0,0,0,0,0,1266,21
0,0,0,0,0,0,0,1267,21
0,0,0,0,0,0,0,1268,21
0,0,0,0,0,0,0,1269,21
0,0,0,0,0,0,0,1270,21
0,0,0,0,0,0,0,1271,21
0,0,0,0,0,34.586481,0,1272,21
0,0,0,0,0,943.333933,0,1273,21
0,0,0,0,0,2764.304198,0,1274,7
0,0,0,0,0,4606.386725,0,1275,7
0,0,0,0,0,16916.5567,0,1276,7
0,0,0,0,0,33509.94322,0,1277,7
0,0,0,0,0,10060.28425,0,1278,7
0,0,0,0,0,7265.574294,0,1279,7
0,0,0,0,0,11139.77654,0,1280,7
0,0,0,0,0,10031.98302,0,1281,7
0,0,0,0,0,131.133714,0,1282,7
0,0,0,0,0,0,0,1283,7
0,0,0,0,0,4179.525906,0,1284,7
0,0,0,0,0,0,0,1285,7
0,0,0,0,0,0,0,1286,7
0,0,0,0,0,0,0,1287,7
0,0,0,0,0,0,0,1288,7
0,0,0,0,0,0,0,1289,7
0,0,0,0,0,0,0,1290,7
0,0,0,0,0,0,0,1291,7
0,0,0,0,0,0,0,1292,7
0,0,0,0,0,0,0,1293,7
0,0,0,0,0,0,0,1294,7
0,0,0,0,0,0,0,1295,7
0,0,0,0,0,0,0,1296,7
0,0,0,0,0,0,0,1297,7
0,0,0,0,0,0,0,1298,7
0,0,0,0,0,0,0,1299,7
0,0,0,0,0,0,0,1300,7
0,0,0,0,0,0,0,1301,7
0,0,0,0,0,0,0,1302,7
0,0,0,0,0,0,0,1357,7
0,0,0,0,0,0,0,1358,7
0,0,0,0,0,0,0,1359,7
0,0,0,0,0,0,0,1360,7
0,0,0,0,0,0,0,1361,7
0,0,0,0,0,0,0,1362,7
0,0,0,0,0,0,0,1363,7
0,0,0,0,0,0,0,1364,7
0,0,0,0,0,0,0,1365,7
0,0,0,0,0,0,0,1366,7
0,0,0,0,0,0,0,1367,7
0,0,0,0,0,0,0,1368,7
0,0,0,0,0,0,0,1369,7
0,0,0,0,0,0,0,1370,7
0,0,0,0,0,0,0,1371,7
0,0,0,0,0,0,0,1372,7
0,0,0,0,0,0,0,1373,7
0,0,0,0,0,0,0,1374,7
0,0,0,0,0,0,0,1375,7
0,0,0,0,0,0,0,1376,7
0,0,0,0,0,0,0,1377,7
0,0,0,0,0,0,0,1378,7
0,0,0,0,0,0,0,1379,7
0,0,0,0,0,1750.369474,0,1380,7
0,0,0,0,0,1965.003789,0,1381,7
0,0,0,0,0,2413.014972,0,1382,7
0,0,0,0,0,1071.325012,0,1383,7
0,0,0,0,0,232.060585,0,1384,7
0,0,0,0,0,317.155056,0,1390,7
0,0,0,0,0,557.941276,0,1391,7
0,0,0,0,0,825.073115,0,1392,7
0,0,0,0,0,53.768392,0,1393,7
0,0,0,0,0,0,0,1394,7
0,0,0,0,0,0,0,1395,7
0,0,0,0,0,0,0,1396,7
0,0,0,0,0,0,0,1397,7
0,0,0,0,0,0,0,1398,7
0,0,0,0,0,0,0,1399,7
0,0,0,0,0,0,0,1400,7
0,0,0,0,0,0,0,1401,7
0,0,0,0,0,0,0,1402,7
0,0,0,0,0,0,0,1403,7
0,0,0,0,0,0,0,1404,7
0,0,0,0,0,0,0,1405,7
0,0,0,0,0,0,0,1406,7
0,0,0,0,0,0,0,1407,7
0,0,0,0,0,0,0,1408,7
0,0,0,0,0,0,0,1409,7
0,0,0,0,0,0,0,1410,7
0,0,0,0,0,0,0,1411,7
0,0,0,0,0,0,0,1412,7
0,0,0,0,0,0,0,1413,7
0,0,0,0,0,0,0,1421,21
0,0,0,0,0,0,0,1422,21
0,0,0,0,0,0,0,1423,21
0,0,0,0,0,0,0,1424,21
0,0,0,0,0,0,0,1425,21
0,0,0,0,0,0,0,1426,21
0.866464,0,0,0,0,0,0,1427,21
1.183515,0,0,0,0,0,0,1428,21
81.548919,0,0,0,4.063384,0,0,1429,21
802.218052,0,0,0,11.986282,0,0,1430,21
3.578984,0,0,0,12.055444,0,0,1433,21
0,0,0,0,6.720719,0,0,1434,14
2.479039,0,0,0,0.061867,0,0,1435,14
11.172349,0,0,0,0.173652,0,0,1436,14
13.938989,0,0,0,0.792062,0,0,1437,14
14.899934,0,0,0,31.011701,0,0,1438,14
7.726912,0,0,0,0.021663,0,0,1439,14
0.887766,0,0,0,8.395292,0,0,1440,14
0.052754,0,0,0,3.582057,0,0,1441,14
5.831052,0,0,0,4.220252,0,0,1442,14
3.350327,0,0,0,13.80285,0,0,1443,14
0,0,0,0,3.68016,0,0,1444,14
6.812822,0,0,0,5.56622,0,0,1445,14
7.027007,0,0,0,0,0,0,1448,14
0,0,0,0,0,0,0,1449,14
0,0,0,0,0,0,0,1450,14
0,0,0,0,0,0,0,1451,14
0,0,0,0,0,0,0,1452,14
0,0,0,0,0,0,0,1453,14
0,0,0,0,0,0,0,1454,14
0,0,0,0,3.617795,0,0,1455,14
0,0,0,0,0,0,0,1639,21
0,0,0,0,0,0,0,1640,21
0,0,0,0,0,0,0,1641,21
0,0,0,0,0,0,0,1642,21
0,0,0,0,0,0,0,1643,21
0,0,0,0,0,0,0,1644,21
0,0,0,0,0,0,0,1645,21
0,0,0,0,0,0,0,1646,21
0,0,0,0,0,0,0,1647,21
0,0,0,0,0,0,0,1648,21
0,0,0,0,0,0,0,1649,21
0,0,0,0,0,0,0,1650,15
0,0,0,0,0,0,0,1651,15
0,0,0,0,0,0,0,1652,15
0,0,0,0,0,0,0,1653,15
0,0,0,0,0,0,0,1654,15
0,0,0,0,0,0,0,1655,15
0,0,0,0,0,0,0,1656,15
0,0,0,0,0,0,0,1657,15
0,0,0,0,0,0,0,1658,15
0,0,0,0,0,0,27698.17375,1659,15
0,0,0,0,0,0,0,1660,15
0,0,0,0,0,0,0,1661,15
0,0,0,0,0,0,0,1662,15
0,0,0,0,0,0,0,1663,15
0,0,0,0,0,0,0,1664,15
0,0,0,0,0,0,0,1665,15
0,0,0,0,0,0,0,1666,15
0,0,0,0,0,0,0,1667,15
0,0,0,0,0,0,0,1668,15
0,0,0,0,0,0,0,1669,15
0,0,0,0,0,0,0,1670,15
0,0,0,0,0,0,0,1671,7
0,0,0,0,0,0,0,1672,7
0,0,0,0,0,0,0,1673,7
0,0,0,0,0,0,0,1674,7
0,0,0,0,0,0,0,1675,7
0,0,0,0,0,0,0,1676,7
0,0,0,0,0,0,0,1677,7
0,0,0,0,0,0,0,1678,7
0,0,0,0,0,0,28.283953,1679,7
0,0,0,0,0,0,0,1680,7
0,0,0,0,0,0,0,1681,7
0,0,0,0,0,0,0,1682,7
0,0,0,0,0,0,0,1683,7
0,0,0,0,0,0,0,1684,7
0,0,0,0,0,0,0,1685,7
0,0,0,0,0,0,0,1686,7
0,0,0,0,0,0,0,1687,7
0,0,0,0,0,0,0,1688,7
0,0,0,0,0,0,0,1689,7
0,0,0,0,0,0,0,1690,7
0,0,0,0,0,0,0,1691,7
0,0,0,0,0,0,0,1692,7
0,0,0,0,0,0,0,1693,7
0,0,0,0,0,0,0,1694,7
0,0,0,0,0,0,0,1695,7
0,0,0,0,0,0,0,1696,21
0,0,0,0,0,0,0,1697,21
0,0,0,0,0,0,0,1698,21
0,0,0,0,0,0,0,1699,21
0,0,0,0,0,0,0,1700,21
0,0,0,0,0,0,0,1701,21
0,0,0,0,0,0,0,1702,21
0,0,0,0,0,0,0,1703,21
0,0,0,0,0,0,0,1704,21
0,0,0,0,0,0,0,1705,21
0,0,0,0,0,0,0,1706,21
0,0,0,0,0,0,0,1707,21
0,0,0,0,0,0,0,1708,21
0,0,0,0,0,0,0,1709,21
0,0,0,0,0,0,0,1710,21
0,0,0,0,0,0,0,1711,21
0,0,0,0,0,0,0,1712,21
0,0,0,0,0,0,0,1713,21
0,0,0,0,0,0,0,1714,21
0,0,0,0,0,0,0,1715,21
0,0,0,0,0,0,0,1716,21
147.347158,0,0,0,0,0,0,1717,21
0,0,0,0,0,0,0,1718,21
0,0,0,0,0,0,0,1719,21
0,0,0,0,0,0,0,1720,21
0,0,0,0,0,0,0,1721,21
0,0,0,0,0,0,0,1722,21
0,0,0,0,0,0,0,1723,21
0,0,0,0,0,0,0,1724,21
0,0,0,0,0,0,0,1725,21
0,0,0,0,0,0,0,1726,21
0,0,0,0,0,0,0,1727,21
0,0,0,0,0,0,0.072506,1728,21
0,0,0,0,0,0,0,1729,21
0,0,0,0,0,0,0,1730,21
0,0,0,0,0,0,0,1731,21
0,0,0,0,0,0,0,1732,21
0,0,0,0,0,0,0,1733,21
0,0,0,0,0,0,0,1734,21
0,0,0,0,0,0,0,1735,21
0,0,0,0,0,0,0,1736,21
0,0,0,0,0,0,0,1737,21
0,0,0,0,0,0,0,1738,21
0,0,0,0,0,0,0,1739,21
0,0,0,0,0,0,0,1740,21
0,0,0,0,0,0,0,1741,21
0,0,0,0,0,0,0,1742,21
0,0,0,0,0,0,0,1743,21
0,0,0,0,0,0,0,1744,21
0,0,0,0,0,0,0,1745,21
0,0,0,0,0,0,0,1746,7
0,0,0,0,0,0,0,1747,21
0,0,0,0,0,0,0,1748,21
0,0,0,0,0,0,0,1749,7
0,0,0,0,0,0,0,1750,7
0,0,0,0,0,0,0,1751,7
0,0,0,0,0,0,0,1752,14
0,0,0,0,0,0,0,1753,14
0,0,0,0,0,0,0,1754,14
0,0,0,0,0,0,0,1795,21
0,0,0,0,0,0,0,1796,21
0,0,0,0,0,0,0,1797,21
0,0,0,0,0,0,0,1798,21
0,0,0,0,0,0,0,1799,21
0,0,0,0,0,0,0,1800,21
0,0,0,0,0,0,0,1801,21
0,0,0,0,0,0,0,1802,21
0,0,0,0,0,0,0,1803,21
0,0,0,0,0,0,0,1804,21
0,0,0,0,0,0,0,1805,21
0,0,0,0,0,0,0,1806,21
0,0,0,0,0,0,0,1807,21
0,0,0,0,0,0,0,1808,21
0,0,0,0,0,0,0,1809,21
0,0,0,0,0,0,0,1810,21
0,0,0,0,0,0,0,1811,21
0,0,0,0,0,0,0,1812,21
0,0,0,0,0,0,0,1813,21
0,0,0,0,0,0,0,1814,21
0,0,0,0,0,0,0,1815,21
0,0,0,0,0,0,0,1816,21
0,0,0,0,0,0,0,1817,21
0,0,0,0,0,0,0,1818,21
0,0,0,0,0,0,0,1819,21
0,0,0,0,0,0,0,1820,21
0,0,0,0,0,0,0,1821,21
0,0,0,0,0,0,0,1822,21
0,0,0,0,0,0,0,1823,21
0,0,0,0,0,0,0,1824,21
0,0,0,0,0,0,0,1825,7
0,0,0,0,0,0,0,1826,7
0,0,0,0,0,0,0,1827,7
0,0,0,0,0,0,0,1828,7
0,0,0,0,0,0,0,1829,7
0,0,0,0,0,0,0,1830,7
0,0,0,0,0,0,0,1831,7
0,0,0,0,0,0,0,1832,7
0,0,0,0,0,0,0,1833,7
0,0,0,0,0,0,0,1834,21
0,0,0,0,0,0,0,1835,21
0,0,0,0,0,0,0,1836,21
0,0,0,0,0,0,0,1837,21
0,0,0,0,0,0,0,1838,21
0,0,0,0,0,0,0,1839,21
0,0,0,0,0,0,5.786224,1840,21
0,0,0,0,0,0,0,1841,21
0,0,0,0,0,0,0,1842,21
0,0,0,0,0,0,0,1843,21
0,0,0,0,0,0,0,1844,21
0,0,0,0,0,0,0,1845,21
0,0,0,0,0,0,0,1846,21
0,0,0,0,0,0,0,1847,21
0,0,0,0,0,0,0,1848,21
0,0,0,0,0,0,0,1849,21
0,0,0,0,0,0,0,1850,21
0,0,0,0,0,0,0,1851,21
0,0,0,0,0,0,0,1852,21
0,0,0,0,0,0,0,1853,21
0,0,0,0,0,0,0,1854,21
0,0,0,0,0,0,0,1855,21
0,0,0,0,0,0,0,1856,21
0,0,0,0,0,0,0,1857,21
0,0,0,0,0,0,0,1858,21
0,0,0,0,0,0,0,1859,21
0,0,0,0,0,0,0,1860,21
0,0,0,0,0,0,0,1861,21
0,0,0,0,0,0,0,1862,21
0,0,0,0,0,0,0,1863,21
0,0,0,0,0,0,0,1864,21
0,0,0,0,0,0,0,1865,21
0,0,0,0,0,0,0,1866,21
0,0,0,0,0,0,0,1867,21
0,0,0,0,0,0,0,1868,21
0,0,0,0,0,0,0,1869,21
0,0,0,0,0,0,0,1870,21
0,0,0,0,0,0,0,1871,21
0,0,0,72.650766,0,0,0,1872,21
0,0,0,133.035848,0,0,0,1873,21
0,0,0,87.674681,0,0,0,1874,21
0,0,0,168.739419,0,0,0,1875,21
0,0,0,44.712785,0,0,0,1876,21
0,0,0,249.034213,0,0,0,1877,21
0,0,0,765.198541,0,0,0,1878,21
0,0,0,520.870851,0,0,0,1879,21
0,0,0,1.486275,0,0,0,1880,21
0,0,0,0,0,0,0,1881,21
0,0,0,0,0,0,0,1882,21
0,0,0,0,0,0,0,1883,21
0,0,0,0,0,0,0,1884,21
0,0,0,0,0,0,0,1885,21
0,0,0,0,0,0,0,1886,21
0,0,0,0,0,0,0,1887,21
0,0,0,0,0,0,0,1888,21
0,0,0,0,0,0,0,1889,21
0,0,0,0,0,0,0,1921,7
0,0,0,0,0,0,0,1922,7
0,0,0,0,0,0,0,1923,7
0,0,0,0,0,0,0,1924,7
0,0,0,0,0,0,0,1925,7
0,0,0,0,0,0,0,1926,7
0,0,0,0,0,0,0,1927,7
0,0,0,0,0,0,0,1928,7
0,0,0,0,0,0,0,1929,7
0,0,0,0,0,0,0,1930,7
0,0,0,0,0,0,0,1931,7
0,0,0,0,0,0,0,1932,7
0,0,0,0,0,0,0,1933,7
0,0,0,0,0,0,0,1934,7
0,0,0,0,0,0,0,1935,7
0,0,0,0,0,0,0,1936,7
0,0,0,0,0,0,0,1937,7
0,0,0,0,0,0,0,1938,7
0,0,0,0,0,0,0,1939,7
0,0,0,0,0,0,0,1940,7
0,0,0,0,0,0,0,1941,7
0,0,0,0,0,0,0,1942,7
0,0,0,0,0,0,0,1943,7
0,0,0,0,0,0,0,1944,7
0,0,0,0,0,0,0,1945,7
0,0,0,0,0,0,0,1946,14
0,0,0,0,0,0,0,1947,14
0,0,0,0,0,0,0,1948,14
0,0,0,0,0,0,0,1949,14
0,0,0,0,0,0,0,1950,14
0,0,0,0,0,0,0,1951,14
0,0,0,0,0,0,0,1952,14
0,0,0,0,0,0,0,1953,14
0,0,0,0,0,0,0,1954,14
0,0,0,0,0,0,0,1955,14
0,0,0,0,0,0,0,1956,14
0,0,0,0,0,0,0,1957,21
0,0,0,0,0,0,0,1958,21
68.905809,0,0,0,0,0,0,1959,21
645.66524,0,0,0,0,0,0,1960,21
585.319753,0,0,0,0,0,0,1961,21
3555.325678,0,0,0,0,0,0,1962,21
0,0,0,0,0,0,0,1963,21
0,0,0,0,0,0,0,1964,21
0,0,0,0,0,0,0,1965,21
0,0,0,0,0,0,0,1966,21
0,0,0,0,0,0,0,1967,21
0,0,0,0,0,0,0,1968,21
0,0,0,0,0,0,0,1969,21
0,0,0,0,0,0,0,1970,21
0,0,0,0,0,0,0,1971,21
0,0,0,0,0,0,0,1972,21
0,0,0,0,0,0,0,1973,21
0,0,0,0,0,0,0,1974,21
0,0,0,0,0,0,0,1975,21
0,0,0,0,0,0,0,1976,21
0,0,0,0,0,0,0,1977,21
0,0,0,0,0,0,0,1978,21
0,0,0,0,0,0,0,1979,21
0,0,0,0,0,0,0,1980,21
0,0,0,0,0,0,0,1981,21
0,0,0,0,0,0,0,1982,21
0,0,0,0,0,0,0,1983,21
0,0,0,0,0,0,0,1984,21
0,0,0,0,0,0,0,1985,21
0,0,0,0,0,0,0,1986,21
0,0,0,0,0,0,0,1987,21
0,0,0,0,0,0,0,1988,21
0,0,0,0,0,0,0,1989,21
0,0,0,0,0,0,0,1990,21
0,0,0,0,0,0,0,1991,21
0,0,0,0,0,0,0,1992,21
0,0,0,0,0,0,0,1993,21
0,0,0,0,0,0,0,1994,21
0,0,0,0,0,0,0,1995,21
0,0,0,0,0,0,0,1996,21
0,0,0,0,0,0,0,1997,21
0,0,0,0,0,0,0,1998,21
0,0,0,0,0,0,0,1999,21
0,0,0,0,0,0,0,2000,21
0,0,0,0,0,0,0,2001,21
0,0,0,0,0,0,0,2002,21
0,0,0,0,0,0,0,2003,21
0,0,0,0,0,0,0,2004,21
0,0,0,0,0,0,0,2005,21
0,0,0,0,0,0,0,2006,21
0,0,0,0,0,0,0,2007,21
0,0,0,0,0,0,0,2008,21
0,0,0,0,0,0,0,2009,21
24.309319,0,0,0,0,0,0,2010,21
0,0,0,0,0,0,0,2011,21
0,0,0,0,0,0,0,2012,21
0,0,0,0,0,0,0,2013,21
0,0,0,0,0,0,0,2014,21
0,0,0,0,0,0,0,2015,21
0,0,0,0,0,0,0,2016,21
0,0,0,0,0,0,0,2017,21
0,0,0,0,0,0,0,2018,21
0,0,0,0,0,0,0,2019,21
0,0,0,0,0,0,0,2020,21
0,0,0,0,0,0,0,2021,21
0,0,0,0,0,0,0,2022,21
0,0,0,0,0,0,0,2036,21
0,0,0,0,0,0,0,2037,21
0,0,0,0,0,0,0,2038,21
0,0,0,0,0,0,0,2039,21
0,0,0,0,0,0,0,2040,21
0,0,0,0,0,0,0,2041,21
0,0,0,0,0,0,0,2042,21
0,0,0,0,0,0,0,2043,21
0,0,0,0,0,0,0,2044,21
0,0,0,0,0,0,0,2045,21
0,0,0,0,0,0,0,2046,21
0,0,0,0,0,0,0,2047,21
0,0,0,0,0,0,0,2048,21
0,0,0,0,0,0,0,2049,21
0,0,0,0,0,0,0,2050,21
0,0,0,0,0,0,0,2051,21
0,0,0,0,0,0,0,2052,21
0,0,0,0,0,0,0,2053,21
0,0,0,0,0,0,0,2054,21
0,0,0,0,0,0,0,2055,21
0,0,0,0,0,0,0,2056,21
0,0,0,0,0,0,0,2057,21
0,0,0,0,0,0,0,2058,21
0,0,0,0,0,0,0,2059,21
0,0,0,0,0,0,0,2060,21
0,0,0,0,0,0,0,2061,21
0,0,0,0,0,0,0,2062,21
0,0,0,0,0,0,0,2063,21
0,0,0,0,0,0,0,2064,21
0,0,0,0,0,0,0,2065,21
0,0,0,0,0,0,0,2066,21
0,0,0,0,0,0,0,2067,21
0,0,0,0,0,0,0,2068,21
0,0,0,0,0,0,0,2069,21
0,0,0,0,0,0,0,2070,21
0,0,0,0,0,0,0,2071,21
0,0,0,0,0,0,0,2072,21
0,0,0,0,0,0,0,2073,21
0,0,0,0,0,0,0,2074,21
0,0,0,0,0,0,0,2075,21
0,0,0,0,0,0,0,2076,21
0,0,0,0,0,0,0,2077,21
0,0,0,0,0,0,0,2078,21
0,0,0,0,0,0,0,2079,21
0,0,0,0,0,0,0,2080,21
0,0,0,0,0,0,0,2081,21
0,0,0,0,0,0,0,2082,21
0,0,0,0,0,0,0,2083,21
0,0,0,0,0,0,0,2084,21
0,0,0,0,0,0,0,2085,21
0,0,0,0,0,0,0,2086,21
0,0,0,0,0,0,0,2087,21
0,0,0,0,0,0,0,2088,21
0,0,0,0,0,0,0,2089,21
0,0,0,0,0,0,0,2090,21
0,0,0,0,0,0,0,2091,21
0,0,0,0,0,0,0,2092,21
0,0,0,0,0,0,0,2093,21
0,0,0,0,0,0,0,2094,21
0,0,0,0,0,40.700328,0,2095,21
0,0,0,0,0,0,0,2096,21
0,0,0,0,0,0,0,2097,21
0,0,0,0,0,0,0,2098,21
0,0,0,0,0,0,0,2099,21
0,0,0,0,0,0,0,2100,21
0,0,0,0,0,0,0,2101,21
0,0,0,0,0,0,0,2102,21
0,0,0,0,0,0,0,2103,21
0,0,0,0,0,0,0,2104,21
0,0,0,0,0,0,0,2105,21
0,0,0,0,0,0,0,2106,21
0,0,0,0,0,0,0,2107,21
0,0,0,0,0,0,0,2108,21
0,0,0,0,0,0,0,2109,21
0,0,0,0,0,0,0,2110,21
0,0,0,0,0,0,0,2111,21
0,0,0,0,0,0,0,2112,21
0,0,0,0,0,0,0,2113,21
0,0,0,0,0,0,0,2114,21
0,0,0,0,0,0,0,2115,21
0,0,0,0,0,0,0,2116,21
0,0,0,0,0,0,0,2117,21
0,0,0,0,0,0,0,2118,21
0,0,0,0,0,0,0,2119,21
0,0,0,0,0,0,0,2120,21
0,0,0,0,0,0,0,2121,21
0,0,0,0,0,0,0,2122,21
0,0,0,0,0,0,0,2123,21
0,0,0,0,0,0,0,2124,7
0,0,0,0,0,0,0,2125,7
0,0,0,0,0,0,0,2126,7
0,0,0,0,0,0,0,2127,7
0,0,0,0,0,0,0,2128,7
0,0,0,0,0,0,0,2129,7
0,0,0,0,0,0,0,2130,7
0,0,0,0,0,0,0,2131,7
0,0,0,0,0,0,0,2132,7
0,0,0,0,0,0,0,2133,7
0,0,0,0,0,0,0,2134,7
0,0,0,0,0,0,0,2135,7
0,0,0,0,0,0,0,2136,7
0,0,0,0,0,0,0,2137,7
0,0,0,0,0,0,0,2138,7
0,0,0,0,0,0,0,2139,7
0,0,0,0,0,0,0,2140,7
0,0,0,0,0,0,0,2141,7
0,0,0,0,0,0,0,2142,7
0,0,0,0,0,0,0,2143,7
0,0,0,0,0,0,0,2144,7
0,0,0,0,0,0,0,2145,7
0,0,0,0,0,0,0,2146,7
0,0,0,0,0,0,0,2148,21
0,0,0,0,0,0,0,2149,21
0,0,0,0,0,0,0,2150,21
0,0,0,0,0,0,0,2160,21
0,0,0,0,0,0,0,2161,21
0,0,0,0,0,0,0,2162,21
0,0,0,0,0,0,0,2163,21
0,0,0,0,0,0,0,2164,21
0,0,0,0,0,0,0,2165,21
0,0,0,0,0,0,0,2166,21
0,0,0,0,0,0,0,2167,21
0,0,0,0,0,0,0,2168,21
0,0,0,0,0,0,0,2169,21
0,0,0,0,0,0,0,2170,21
0,0,0,0,0,0,0,2171,21
0,0,0,2.987709,0,0,0,2172,21
0,0,0,2.552164,0,0,0,2173,21
0,0,0,26.276261,0,0,0,2174,21
0,0,0,2.155887,0,0,0,2175,21
0,0,0,0,0,0,0,2176,21
0,0,0,0,0,0,0,2177,21
0,0,0,0,0,0,0,2178,21
0,0,0,0,0,0,0,2179,21
0,0,0,0,0,0,0,2180,21
0,0,0,0,0,0,0,2181,21
0,0,0,0,0,0,0,2182,21
0,0,0,0,0,0,0,2183,21
0,0,0,0,0,0,0,2184,21
0,0,0,0,0,0,0,2185,21
0,0,0,0,0,0,0,2186,21
0,0,0,0,0,0,0,2187,21
0,0,0,0,0,0,0,2188,21
0,0,0,0,0,0,0,2189,21
0,0,0,0,0,0,0,2190,21
0,0,0,0,0,0,0,2191,21
0,0,0,0,0,0,0,2192,21
0,0,0,0,0,0,0,2193,21
0,0,0,0,0,0,0,2194,21
0,0,0,0,0,0,0,2195,21
0,0,0,0,0,0,0,2196,21
0,0,0,0,0,0,0,2197,21
0,0,0,0,0,0,0,2198,21
0,0,0,0,0,0,0,2199,21
0,0,0,0,0,0,0,2200,21
0,0,0,0,0,0,0,2201,21
0,0,0,0,0,0,0,2202,21
0,0,0,0,0,0,0,2203,21
0,0,0,0,0,0,0,2204,21
0,0,0,0,0,0,0,2205,21
0,0,0,0,0,0,0,2206,21
4103.39768,0,0,0,0,0,0,2207,21
1390.20656,0,0,0,0,0,0,2208,21
0,0,0,0,0,0,0,2209,21
0,0,0,0,0,0,0,2210,21
0,0,0,0,0,0,0,2211,21
0,0,0,0,0,0,0,2212,21
0,0,0,0,0,0,0,2213,21
80.841812,0,0,0,0,0,0,2214,21
6.283774,0,0,0,0,0,0,2215,21
0,0,0,0,0,0,0,2216,21
1.688774,0,0,0,0,0,0,2217,21
0.180712,0,0,0,0,0,0,2218,21
0.146757,0,0,0,0,0,0,2219,21
66.849882,0,0,0,0,0,0,2220,21
23.314802,0,0,0,0,0,0,2221,21
1.700533,0,0,0,0,0,0,2222,21
0,0,0,0,0,0,0,2223,21
0,0,0,0,0,0,0,2224,21
0,0,0,0,0,0,0,2225,21
0,0,0,0,0,0,0,2226,21
0,0,0,0,0,0,0,2227,21
0,0,0,0,0,0,0,2228,21
0,0,0,0,0,0,0,2229,21
0,0,0,0,0,0,0,2230,21
0,0,0,0,0,0,0,2231,21
0,0,0,0,0,0,0,2232,21
0,0,0,0,0,0,0,2233,21
0,0,0,0,0,0,0,2234,21
0,0,0,0,0,0,0,2235,21
0,0,0,0,0,0,0,2236,21
0,0,0,0,0,0,0,2237,21
0,0,0,0,0,0,0,2238,21
0,0,0,0,0,0,0,2239,21
0,0,0,0,0,0,0,2240,21
0,0,0,0,0,0,0,2241,21
0,0,0,0,0,0,0,2242,21
0,0,0,0,0,0,0,2243,21
0,0,0,0,0,0,0,2244,21
0,0,0,0,0,0,0,2245,21
0,0,0,0,0,0,0,2246,21
0,0,0,0,0,0,0,2247,21
0,0,0,0,0,0,0,2248,21
0,0,0,0,0,0,0,2249,21
0,0,0,0,0,0,0,2250,21
0,0,0,0,0,0,0,2251,21
0,0,0,0,0,0,0,2252,21
0,0,0,0,0,0,0,2253,21
0,0,0,0,0,0,0,2254,21
0,0,0,0,0,0,0,2255,21
0,0,0,0,0,0,0,2256,21
0,0,0,0,0,0,0,2257,21
0,0,0,0,0,0,0,2258,21
0,0,0,0,0,0,0,2259,21
2380.151458,0,0,0,0,0,0,2260,21
46.972185,0,0,0,0,0,0,2261,21
105.590303,0,0,0,0,0,0,2262,21
6.254797,0,0,0,0,0,0,2263,21
152.798502,0,0,0,0,0,0,2264,21
0,0,0,0,0,0,0,2265,21
0,0,0,0,0,0,0,2266,21
5.39541,0,0,0,0,0,0,2267,21
0,0,0,0,0,0,0,2268,21
0,0,0,0,0,0,0,2269,21
0,0,0,0,0,0,0,2270,21
0,0,0,0,0,0,0,2271,21
0,0,0,0,0,0,0,2272,21
0,0,0,0,0,0,0,2273,21
0,0,0,0,0,0,0,2274,21
0,0,0,0,0,0,0,2275,21
0,0,0,0,0,0,0,2276,21
0,0,0,0,0,0,0,2277,21
0,0,0,0,0,0,0,2278,21
0,0,0,0,0,0,0,2279,21
0,0,0,0,0,0,0,2280,21
0,0,0,0,0,0,0,2281,21
0,0,0,0,0,0,0,2282,21
0,0,0,0,0,0,0,2283,21
0,0,0,0,0,0,0,2284,21
0,0,0,0,0,0,0,2417,21
0,0,0,0,0,0,0,2418,21
0,0,0,0,0,0,0,2419,21
0,0,0,0,0,0,0,2420,21
0,0,0,0,0,0,0,2421,21
0,0,0,0,0,0,0,2422,21
0,0,0,0,0,0,0,2423,21
0,0,0,0,0,0,0,2424,21
0,0,0,0,0,0,0,2425,21
0,0,0,0,0,0,0,2426,21
0,0,0,0,0,0,0,2427,21
0,0,0,0,0,0,0,2428,21
0,0,0,0,0,0,0,2429,21
0,0,0,0,0,0,0,2430,21
0,0,0,0,0,0,0,2431,21
0,0,0,0,0,0,0,2432,21
0,0,0,0,0,0,0,2433,21
0,0,0,0,0,0,0,2434,21
0,0,0,0,0,0,0,2435,21
0,0,0,0,0,0,0,2436,21
0,0,0,0,0,0,0,2437,21
0,0,0,0,0,0,0,2438,21
0,0,0,0,0,0,0,2439,21
0,0,0,0,0,0,0,2440,21
0,0,0,0,0,0,0,2441,21
0,0,0,0,0,0,0,2442,21
0,0,0,0,0,0,0,2443,21
0,0,0,0,0,0,0,2444,21
0,0,0,0,0,0,0,2445,21
0,0,0,0,0,0,0,2446,21
0,0,0,0,0,0,0,2447,21
0,0,0,0,0,0,0,2448,21
0,0,0,0,0,0,0,2449,21
0,0,0,0,0,0,0,2450,21
0,0,0,0,0,0,0,2451,21
0,0,0,0,0,0,0,2452,21
0,0,0,0,0,0,0,2453,21
0,0,0,0,0,0,0,2454,21
40.560076,0,0,0,0,0,0,2455,21
0,0,0,0,0,0,0,2456,21
0,0,0,0,0,0,0,2457,21
0,0,0,0,0,0,0,2458,21
0,0,0,0,0,0,0,2459,21
17.13661,0,0,0,0,0,0,2460,21
10.829943,0,0,0,0,0,0,2461,21
0.527416,0,0,0,0,0,0,2462,21
4.309533,0,0,0,0,0,0,2463,21
201.600805,0,0,0,0,0,0,2464,21
246.11257,0,0,0,0,0,0,2465,21
43.102121,0,0,0,0,0,0,2466,21
23.039284,0,0,0,0,0,0,2467,21
47.446029,0,0,0,0,0,0,2468,21
1.107097,0,0,0,0,0,0,2469,21
0,0,0,0,0,0,0,2470,21
34.833937,0,0,0,0,0,0,2471,21
24.098547,0,0,0,0,0,0,2472,21
6.049298,0,0,0,0,0,0,2473,21
523.921121,0,0,0,0,0,0,2474,21
0,0,0,0,0,0,0,2475,21
63.281348,0,0,0,0,0,0,2476,21
0,0,0,0,0,0,0,2477,21
0,0,0,0,0,0,0,2478,21
0,0,0,0,0,0,0,2479,21
0,0,0,0,0,0,0,2480,21
0,0,0,0,0,0,0,2481,21
0,0,0,0,0,0,0,2482,21
0,0,0,0,0,0,0,2483,21
0,0,0,0,0,0,0,2484,7
0,0,0,0,0,0,0,2485,7
0,0,0,0,0,0,0,2486,7
0,0,0,0,0,0,0,2487,7
0,0,0,0,0,0,0,2488,7
0,0,0,0,0,0,0,2489,7
0,0,0,0,0,0,0,2490,7
0,0,0,0,0,0,0,2491,7
0,0,0,0,0,0,0,2492,7
0,0,0,0,0,0,0,2493,21
0,0,0,0,0,0,0,2494,21
0,0,0,0,0,0,0,2495,21
0,0,0,0,0,0,0,2496,21
0,0,0,0,0,0,0,2497,21
0,0,0,0,0,0,0,2498,21
0,0,0,0,0,0,0,2499,21
0,0,0,0,0,0,0,2500,21
0,0,0,0,0,0,0,2501,21
0,0,0,0,0,0,0,2502,21
0,0,0,0,0,0,0,2503,21
0,0,0,0,0,0,0,2504,21
0,0,0,0,0,0,0,2505,21
0,0,0,0,0,0,0,2506,21
0,0,0,0,0,0,0,2507,21
0,0,0,0,0,0,0,2508,21
0,0,0,0,0,0,0,2509,21
0,0,0,0,0,0,0,2513,21
0,0,0,0,0,0,0,2514,21
0,0,0,0,0,0,0,2515,21
0,0,0,0,0,0,0,2516,21
0,0,0,0,0,0,0,2517,21
0,0,0,0,0,0,0,2518,21
0,0,0,0,0,0,0,2519,21
0,0,0,0,0,0,0,2520,21
0,0,0,0,0,0,0,2521,21
0,0,0,0,0,0,0,2522,21
0,0,0,0,0,0,0,2523,21
0,0,0,0,0,0,0,2524,21
0,0,0,0,0,0,0,2525,21
0,0,0,0,0,0,0,2526,21
0,0,0,0,0,0,0,2527,21
0,0,0,0,0,0,0,2528,21
0,0,0,0,0,0,0,2529,21
0,0,0,0,0,0,0,2530,21
0,0,0,0,0,0,0,2531,21
0,0,0,0,0,0,0,2532,21
0,0,0,0,0,0,0,2533,21
0,0,0,0,0,0,0,2534,21
0,0,0,0,0,0,0,2535,21
0,0,0,0,0,0,0,2536,21
0,0,0,0,0,0,0,2537,21
232.414563,0,0,0,0,0,0,2543,21
98.827516,0,0,0,0,0,0,2544,21
0,0,0,0,0,0,0,2545,21
0,0,0,0,0,0,0,2546,21
0,0,0,0,0,0,0,2547,21
0,0,0,0,0,0,0,2548,21
0,0,0,0,0,0,0,2549,21
62.559533,0,0,0,0,0,0,2550,21
18.716812,0,0,0,0,0,0,2551,21
0,0,0,0,0,0,0,2552,21
0,0,0,0,0,0,0,2553,21
58.562921,0,0,0,0,0,0,2554,21
0,0,0,0,0,0,0,2590,7
0,0,0,0,0,0,0,2591,7
0,0,0,0,0,0,0,2592,7
0,0,0,0,0,0,0,2593,7
0,0,0,0,0,0,0,2594,7
0,0,0,0,0,0,0,2595,7
0,0,0,0,0,0,0,2596,7
0,0,0,0,0,0,0,2597,7
0,0,0,0,0,0,0,2598,7
0,0,0,0,0,0,0,2599,7
0,0,0,0,0,0,0,2600,7
0,0,0,0,0,0,0,2601,7
0,0,0,0,0,0,0,2602,7
0,0,0,0,0,0,0,2603,7
0,0,0,0,0,0,0,2604,7
0,0,0,0,0,0,0,2605,7
0,0,0,0,0,0,0,2606,7
0,0,0,0,0,0,0,2607,7
0,0,0,0,0,0,0,2608,7
0,0,0,0,0,0,0,2609,7
0,0,0,0,0,0,0,2610,7
0,0,0,0,0,0,0,2611,7
0,0,0,0,0,0,0,2612,7
0,0,0,0,0,0,0,2613,7
0,0,0,0,0,0,0,2614,7
0,0,0,0,0,0,0,2615,7
0,0,0,0,0,0,0,2616,7
0,0,0,0,0,0,0,2617,7
0,0,0,0,0,0,0,2618,7
0,0,0,0,0,0,0,2619,7
0,0,0,0,0,0,0,2620,7
0,0,0,0,0,0,0,2621,7
0,0,0,0,0,0,0,2622,7
0,0,0,0,0,0,0,2623,21
0,0,0,0,0,0,0,2624,21
0,0,0,0,0,0,0,2625,21
0,0,0,0,0,0,0,2626,21
0,0,0,0,0,0,0,2627,21
0,0,0,0,0,0,0,2628,21
0,0,0,0,0,0,0,2629,21
0,0,0,0,0,0,0,2630,21
0,0,0,0,0,0,0,2631,21
0,0,0,0,0,0,0,2632,21
0,0,0,0,0,0,0,2633,21
0,0,0,0,0,0,0,2636,21
0,0,0,0,0,0,0,2637,21
0,0,0,0,0,0,0,2638,21
0,0,0,0,0,0,0,2639,21
0,0,0,0,0,0,0,2640,21
0,0,0,0,0,0,0,2641,21
0,0,0,0,0,0,0,2642,21
0,0,0,0,0,0,0,2643,21
0,0,0,0,0,0,0,2644,21
0,0,0,0,0,0,0,2645,21
0,0,0,0,0,0,0,2646,21
0,0,0,0,0,0,0,2647,21
0,0,0,0,0,0,0,2648,21
0,0,0,0,0,0,0,2649,21
0,0,0,0,0,0,0,2650,21
0,0,0,0,0,0,0,2651,21
0,0,0,0,0,0,0,2652,21
0,0,0,0,0,0,0,2653,21
0,0,0,0,0,0,0,2710,7
0,0,0,0,0,0,0,2711,7
0,0,0,0,0,0,0,2712,7
0,0,0,0,0,0,0,2713,21
0,0,0,0,0,0,0,2714,7
0,0,0,0,0,0,0,2715,7
0,0,0,0,0,0,0,2716,7
0,0,0,0,0,0,0,2717,7
0,0,0,0,0,0,0,2718,7
0,0,0,0,0,0,0,2719,7
0,0,0,0,0,0,0,2720,7
0,0,0,0,0,0,0,2721,7
0,0,0,0,0,0,0,2722,7
0,0,0,0,0,0,0,2723,7
0,0,0,0,0,0,0,2724,7
0,0,0,0,0,0,0,2725,7
0,0,0,0,0,0,0,2726,7
0,0,0,0,0,0,0,2727,7
0,0,0,0,0,0,0,2728,7
0,0,0,0,0,0,0,2729,7
0,0,0,0,0,0,0,2730,7
0,0,0,0,0,0,0,2731,7
0,0,0,0,0,0,0,2732,7
0,0,0,0,0,0,0,2733,7
0,0,0,0,0,0,0,2734,7
0,0,0,0,0,0,0,2735,7
0,0,0,0,0,0,0,2736,7
0,0,0,0,0,0,0,2737,7
0,0,0,0,0,0,0,2738,7
0,0,0,0,0,0,0,2739,7
0,0,0,0,0,0,0,2740,7
0,0,0,0,0,0,0,2741,7
0,0,0,0,0,0,0,2836,21
0,0,0,0,0,0,0,2837,21
0,0,0,0,0,0,0,2838,21
0,0,0,0,0,0,0,2839,21
0,0,0,0,0,0,0,2840,21
0,0,0,0,0,0,0,2841,21
0,0,0,0,0,0,0,2842,21
0,0,0,0,0,0,0,2843,21
0,0,0,0,0,0,0,2844,21
0,0,0,0,0,0,0,2845,21
0,0,0,0,0,0,0,2846,21
0,0,0,0,0,0,0,2847,21
0,0,0,0,0,0,0,2848,21
0,0,0,0,0,0,0,2849,21
0,0,0,0,0,0,0,2850,21
0,0,0,0,0,0,0,2891,21
0,0,0,0,0,0,0,2892,21
0,0,0,0,0,0,0,2893,21
0,0,0,0,0,0,0,2894,21
28.504276,0,0,0,0,0,0,2955,7
0,0,0,0,0,0,0,2956,7
0,0,0,0,0,0,0,2957,7
0,0,0,0,0,0,0,2958,7
0,0,0,0,0,0,0,2959,7
0,0,0,0,0,0,0,2960,7
0,0,0,0,0,0,0,2961,7
0,0,0,0,0,0,0,2962,7
0,0,0,0,0,0,0,2963,7
0,0,0,0,0,0,0,2964,7
0,0,0,0,0,0,0,2965,7
392.157145,0,0,0,0,0,0,2966,7
0,0,0,0,0,0,0,2967,7
47.650103,0,0,0,0,0,0,2968,7
839.04181,0,0,0,0,0,0,2969,7
506.241665,0,0,0,0,0,0,2970,21
228.150365,0,0,0,0,0,0,2971,21
0,0,0,0,0,0,0,2972,21
0,0,0,0,0,0,0,2973,21
0,0,0,0,0,0,0,2974,21
0,0,0,0,0,0,0,2975,21
0,0,0,0,0,0,0,2976,21
0,0,0,0,0,0,0,3004,21
0,0,0,0,0,0,0,3005,21
0,0,0,0,0,0,0,3006,21
0,0,0,0,0,0,0,3051,14
0,0,0,0,0,0,0,3052,14
0,0,0,0,0,0,0,3053,7
0,0,0,0,0,0,0,3054,7
0,0,0,0,0,0,0,3055,7
0,0,0,0,0,0,0,3056,7
0,0,0,0,0,0,0,3057,7
0,0,0,0,0,0,0,3058,7
0,0,0,0,0,0,0,3059,7
0,0,0,0,0,0,0,3060,7
0,0,0,0,0,0,0,3061,7
0,0,0,0,0,0,0,3062,7
0,0,0,0,0,0,0,3063,7
0,0,0,0,0,0,0,3064,7
0,0,0,0,0,0,0,3065,7
0,0,0,0,0,0,0,3066,7
0,0,0,0,0,0,0,3067,7
0,0,0,0,0,0,0,3068,7
0,0,0,0,0,0,0,3069,7
0,0,0,0,0,0,0,3070,7
0,0,0,0,0,0,0,3071,7
0,0,0,0,0,0,0,3072,7
0,0,0,0,0,0,0,3073,7
0,0,0,0,0,0,0,3074,7
3.933504,0,0,0,0,0,0,3075,21
0,0,0,0,0,0,0,3197,21
0,0,0,0,0,0,0,3198,21
0,0,0,0,0,0,0,3199,21
0,0,0,0,0,0,0,3200,21
0,0,0,0,0,0,0,3201,21
0,0,0,0,0,0,0,3202,21
0,0,0,0,0,0,0,3203,21
0,0,0,0,0,0,0,3204,21
0,0,0,0,0,0,0,3205,21
0,0,0,0,0,0,0,3206,21
0,0,0,0,0,0,0,3207,21
0,0,0,0,0,0,0,3208,21
0,0,0,0,0,0,0,3209,21
0,0,0,0,0,0,0,3210,21
0,0,0,0,0,0,0,3211,21
0,0,0,0,0,0,0,3212,21
0,0,0,0,0,0,0,3213,21
0,0,0,0,0,0,0,3214,21
0,0,0,0,0,0,0,3215,21
0,0,0,0,0,0,0,3216,21
